A1,tau1,A2,tau2
137.47,6.77435e-06,7346.93,3.13849e-07
306.463,7.43791e-06,4105.75,3.10915e-07
